left_speed,right_speed,time
0.0,0.0,1760610500.8311787
0.0,0.0,1760610500.8404071
0.0,0.0,1760610500.8489923
0.0,0.0,1760610500.8572724
0.0,0.0,1760610500.8663564
0.0,0.0,1760610500.8747299
0.0,0.0,1760610500.883448
0.0,0.0,1760610500.8927987
0.0,0.0,1760610500.9002395
0.0,0.0,1760610500.90918
0.0,0.0,1760610500.9167528
0.0,0.0,1760610500.925465
0.0,0.0,1760610500.934407
0.0,0.0,1760610500.9441564
0.0,0.0,1760610500.9526794
0.0,0.0,1760610500.960881
0.0,0.0,1760610500.9689395
0.0,0.0,1760610500.9774947
0.0,0.0,1760610500.9865909
0.0,0.0,1760610500.9949946
0.0,0.0,1760610501.0026112
0.0,0.0,1760610501.0107648
0.0,0.0,1760610501.018844
0.0,0.0,1760610501.0277863
0.0,0.0,1760610501.0365467
0.0,0.0,1760610501.045088
0.0,0.0,1760610501.0540452
0.0,0.0,1760610501.0620844
0.0,0.0,1760610501.0710976
0.0,0.0,1760610501.079631
0.0,0.0,1760610501.0885134
0.0,0.0,1760610501.097042
0.0,0.0,1760610501.1051571
0.0,0.0,1760610501.113893
0.0,0.0,1760610501.1224873
0.0,0.0,1760610501.1311767
0.0,0.0,1760610501.1397252
0.0,0.0,1760610501.149045
0.0,0.0,1760610501.1572766
0.0,0.0,1760610501.1662254
0.0,0.0,1760610501.1754458
0.0,0.0,1760610501.1851492
0.0,0.0,1760610501.1926968
0.0,0.0,1760610501.2020571
0.0,0.0,1760610501.21062
0.0,0.0,1760610501.2184224
0.0,0.0,1760610501.2269793
0.0,0.0,1760610501.23479
0.0,0.0,1760610501.2434876
0.0,0.0,1760610501.2527475
0.0,0.0,1760610501.2613213
0.0,0.0,1760610501.27089
0.0,0.0,1760610501.2785726
0.0,0.0,1760610501.2871757
0.0,0.0,1760610501.2957337
0.0,0.0,1760610501.3044608
0.0,0.0,1760610501.3139856
0.0,0.0,1760610501.3227458
0.0,0.0,1760610501.3314004
0.0,0.0,1760610501.3402789
0.0,0.0,1760610501.3496594
0.0,0.0,1760610501.3585846
0.0,0.0,1760610501.366917
0.0,0.0,1760610501.3745568
0.0,0.0,1760610501.3831081
0.0,0.0,1760610501.3910267
0.0,0.0,1760610501.399096
0.0,0.0,1760610501.4079056
0.0,0.0,1760610501.415977
0.0,0.0,1760610501.4250312
0.0,0.0,1760610501.4330258
0.0,0.0,1760610501.4412942
0.0,0.0,1760610501.4495614
0.0,0.0,1760610501.4582794
0.0,0.0,1760610501.4672217
0.0,0.0,1760610501.4737647
0.0,0.0,1760610501.4826357
0.0,0.0,1760610501.4912012
0.0,0.0,1760610501.4975026
0.0,0.0,1760610501.5070312
0.0,0.0,1760610501.5156667
0.0,0.0,1760610501.5247324
0.0,0.0,1760610501.532704
0.0,0.0,1760610501.5411222
0.0,0.0,1760610501.5490901
0.0,0.0,1760610501.5570767
0.0,0.0,1760610501.5646327
0.0,0.0,1760610501.5735443
0.0,0.0,1760610501.5821934
0.0,0.0,1760610501.5901718
0.0,0.0,1760610501.599039
0.0,0.0,1760610501.6069453
0.0,0.0,1760610501.6156492
0.0,0.0,1760610501.6236918
0.0,0.0,1760610501.6313546
0.0,0.0,1760610501.6408925
0.0,0.0,1760610501.6494935
0.0,0.0,1760610501.6591089
0.0,0.0,1760610501.6682372
0.0,0.0,1760610501.6772363
0.0,0.0,1760610501.6850507
0.0,0.0,1760610501.6933663
0.0,0.0,1760610501.7023654
0.0,0.0,1760610501.7114897
0.0,0.0,1760610501.7207723
0.0,0.0,1760610501.7291155
0.0,0.0,1760610501.7368257
0.0,0.0,1760610501.745375
0.0,0.0,1760610501.7539096
0.0,0.0,1760610501.7625453
0.0,0.0,1760610501.7712512
0.0,0.0,1760610501.7798219
0.0,0.0,1760610501.7890508
0.0,0.0,1760610501.796584
0.0,0.0,1760610501.8054214
0.0,0.0,1760610501.813575
0.0,0.0,1760610501.8227186
0.0,0.0,1760610501.8313437
0.0,0.0,1760610501.8404725
0.0,0.0,1760610501.8494296
0.0,0.0,1760610501.8584006
0.0,0.0,1760610501.8672307
0.0,0.0,1760610501.8759508
0.0,0.0,1760610501.8843844
0.0,0.0,1760610501.8939497
0.0,0.0,1760610501.9025037
0.0,0.0,1760610501.9115212
0.0,0.0,1760610501.9206758
0.0,0.0,1760610501.9289467
0.0,0.0,1760610501.9373705
0.0,0.0,1760610501.945977
0.0,0.0,1760610501.9540186
0.0,0.0,1760610501.962002
0.0,0.0,1760610501.9703138
0.0,0.0,1760610501.9788601
0.0,0.0,1760610501.9867427
0.0,0.0,1760610501.9963255
0.0,0.0,1760610502.0057685
0.0,0.0,1760610502.0138035
0.0,0.0,1760610502.0226395
0.0,0.0,1760610502.030683
0.0,0.0,1760610502.038521
0.0,0.0,1760610502.0474627
0.0,0.0,1760610502.056589
0.0,0.0,1760610502.0651345
0.0,0.0,1760610502.0735443
0.0,0.0,1760610502.0818522
0.0,0.0,1760610502.0902686
0.0072,0.0072,1760610502.143563
0.05040000000000001,0.05040000000000001,1760610502.1540625
0.05840000000000001,0.05840000000000001,1760610502.1636288
0.0664,0.0664,1760610502.1741703
0.07440000000000001,0.07440000000000001,1760610502.1837652
0.0816,0.0816,1760610502.192769
0.08960000000000001,0.08960000000000001,1760610502.2029326
0.0976,0.0976,1760610502.2111087
0.10480000000000002,0.10480000000000002,1760610502.2201786
0.11120000000000002,0.11120000000000002,1760610502.2287204
0.11760000000000002,0.11760000000000002,1760610502.236146
0.12400000000000003,0.12400000000000003,1760610502.2456768
0.1312,0.1312,1760610502.2526946
0.13760000000000003,0.13760000000000003,1760610502.2621958
0.14400000000000004,0.14400000000000004,1760610502.2688556
0.15040000000000003,0.15040000000000003,1760610502.2781503
0.15760000000000002,0.14534520821300737,1760610502.2873833
0.1648,0.15254520821300735,1760610502.29568
0.17003556989856403,0.15217680765380048,1760610502.3044498
0.17643556989856404,0.15857680765380047,1760610502.3127089
0.18283556989856406,0.1649768076538005,1760610502.3198843
0.1876417471558475,0.17137680765380048,1760610502.3295074
0.1844088547420867,0.16974415579588373,1760610502.337006
0.1854967377728086,0.1710737906112105,1760610502.3455353
0.1874903811981881,0.17351046590889652,1760610502.352608
0.18997925053854905,0.1765524173248933,1760610502.3617804
0.19637925053854907,0.1829524173248933,1760610502.3708231
0.19528599241447217,0.18303843517324378,1760610502.3776193
0.1966547233131926,0.18471132849390207,1760610502.3859868
0.2030547233131926,0.19111132849390208,1760610502.395059
0.20777898998104405,0.1975113284939021,1760610502.4026165
0.20989006532263496,0.2008878576165538,1760610502.4121323
0.21173930548761252,0.2031480400404153,1760610502.4196672
0.21321268931274082,0.20494884249334988,1760610502.4283218
0.20863030591677229,0.19934815167605502,1760610502.4368124
0.20875833010350642,0.19950462568206342,1760610502.4445863
0.2151583301035064,0.20590462568206344,1760610502.4526913
0.2181805618629338,0.21102068672136348,1760610502.4607058
0.21997190383908355,0.21321010469221324,1760610502.4702313
0.22122440340007024,0.21474093748897474,1760610502.477803
0.2224408090168588,0.21622765546504963,1760610502.4868326
0.22351093758554957,0.21753559038233833,1760610502.4963908
0.21895286374773298,0.21196461124722918,1760610502.5050194
0.2245843973111695,0.2188475967136516,1760610502.5125117
0.22673223420531077,0.22147273069537982,1760610502.5215702
0.22761852923846068,0.22255598018034084,1760610502.5290928
0.22848222935783127,0.22361161365957158,1760610502.5390034
0.22932387070584329,0.2246402864182529,1760610502.5465162
0.23037976261503024,0.22593082097392586,1760610502.555941
0.23105057094589826,0.2267506978227645,1760610502.5645716
0.23200187757602328,0.22791340592625067,1760610502.5725422
0.23262971569650204,0.22868076362905806,1760610502.5823033
0.2335867641547598,0.2298504895224842,1760610502.5895712
0.2341726830851184,0.23056661265958914,1760610502.5984116
0.23469907827074146,0.23120998455312847,1760610502.606074
0.2353833088771643,0.23204626640542306,1760610502.6144738
0.23588125394400758,0.23265486593156479,1760610502.6225512
0.23670285161310586,0.2336590408604627,1760610502.632681
0.23720673540628062,0.23427489882989855,1760610502.639719
0.23802748787360112,0.23527804073440137,1760610502.6487727
0.23829811741382723,0.23560881017245547,1760610502.6558876
0.23889075812093957,0.2363331488144817,1760610502.6644826
0.2393055191151946,0.23684007891857115,1760610502.674537
0.23990304571233803,0.2375703892039687,1760610502.6830478
0.2404832692412156,0.23827955129481906,1760610502.6923301
0.24104663928590708,0.23896811468277532,1760610502.703308
0.24143562526985696,0.23944354199649187,1760610502.7123775
0.24217853389006508,0.24035154142119064,1760610502.7226393
0.24253724926576298,0.2407899713248214,1760610502.7306578
0.24290837210809918,0.24124356590989895,1760610502.7407415
0.24338270588983016,0.24182330719868134,1760610502.7494626
0.2437290799995071,0.24224665333273088,1760610502.7566457
0.24435312416695754,0.243009373981837,1760610502.7661273
0.2446373017700555,0.24335670216340116,1760610502.773682
0.24491484575052377,0.2436959225839735,1760610502.7824469
0.2453362777904176,0.24421100618828817,1760610502.7911537
0.2456107963269441,0.2445465288440428,1760610502.7992575
0.2458650222607674,0.24485724942982687,1760610502.8089983
0.24612575401700748,0.24517592157634244,1760610502.816583
0.2465277825312405,0.24566728976040506,1760610502.8247833
0.2467600046224758,0.24595111676080372,1760610502.8323278
0.24698674288002936,0.2462282412978137,1760610502.8404758
0.24735413668930387,0.24667727817581586,1760610502.8480828
0.24756625704654872,0.24693653639022622,1760610502.8558493
0.2477733380871503,0.2471896354398503,1760610502.8645775
0.24811947655753971,0.2476126935703263,1760610502.872576
0.24831285331257463,0.2478490429375912,1760610502.8823147
0.24850737172052118,0.24808678765841477,1760610502.8909025
0.24883883690766725,0.24849191177603774,1760610502.898673
0.24901459881046506,0.2487067318794573,1760610502.9085236
0.24403680736477906,0.24262276455695217,1760610502.916347
0.24879081117591004,0.24843321365944562,1760610502.925382
0.24968165448422644,0.2495220221473879,1760610502.9335325
0.249978962483565,0.2498853985910239,1760610502.9426675
0.2502666885262092,0.25023706375425564,1760610502.95037
0.250390830421932,0.25039249761794435,1760610502.9600728
0.25022292520002803,0.25025512061820476,1760610502.9676275
0.25005913919638584,0.25012111388795205,1760610502.9756322
0.24973318869857405,0.24985442711701514,1760610502.9843996
0.24974957524088312,0.2498678342879953,1760610502.9926775
0.24959750473378298,0.24974341296400426,1760610503.0005784
0.24944923570760974,0.24962210194258982,1760610503.0073419
0.24946999105111378,0.2496390835872749,1760610503.0166748
0.24915969109781233,0.249385201807301,1760610503.0245593
0.24918677093216113,0.24940735803540454,1760610503.0328817
0.24905170976314678,0.24929685344257466,1760610503.0412204
0.24891676013801373,0.24918644011292032,1760610503.0500503
0.24862228388654373,0.24894550499808124,1760610503.057151
0.24866110512902437,0.2489772678328381,1760610503.0671754
0.24854084233363793,0.24887887100024925,1760610503.0757964
0.24841892864938556,0.2487791234404064,1760610503.0833662
0.24814438412985884,0.24855449610624816,1760610503.0905774
0.24819364846616102,0.24859480329049538,1760610503.0993996
0.24808071379488553,0.24850240219581543,1760610503.1069868
0.24797073017728657,0.24841241559959812,1760610503.1156046
0.24802377257084585,0.24845581392160113,1760610503.1231983
0.24775540165600018,0.24823623771854564,1760610503.1325626
0.24781315178912122,0.24828348782746282,1760610503.1416142
0.24771703640886264,0.24820484797088765,1760610503.1506913
0.247623711777726,0.2481284914545031,1760610503.1582522
0.2473752148966438,0.24792517582452672,1760610503.1682336
0.24744127070098101,0.24797922148262086,1760610503.1769001
0.2473560661237854,0.24790950864673353,1760610503.1846035
0.24727338387422226,0.24784185953345458,1760610503.1939752
0.24719316184298337,0.24777622332607732,1760610503.202466
0.24695095992705335,0.24757805812213454,1760610503.211094
0.24703573270318202,0.24764741766623985,1760610503.2186608
0.246953533421816,0.24758016370875854,1760610503.2268324
0.2468736119039174,0.24751477337593245,1760610503.2350128
0.24665167506600846,0.24733318869037055,1760610503.2452064
0.246733543558774,0.24740017200263328,1760610503.2527118
0.2466698028303416,0.2473480204975522,1760610503.2626228
0.2466080541675451,0.2472974988643551,1760610503.2711165
0.24639615347271338,0.24712412556858368,1760610503.2800517
0.24649456920923138,0.24720464753482566,1760610503.28769
0.24642775984534174,0.24714998532800686,1760610503.295797
0.24636288767693726,0.2470969080993123,1760610503.3044982
0.24616061173970422,0.24693140960521254,1760610503.3136885
0.24625320943487175,0.24700717135580413,1760610503.322674
0.24620482955290715,0.24696758781601494,1760610503.3321116
0.24587228949331286,0.2466955095854378,1760610503.339652
0.2459712223556625,0.24677645465463294,1760610503.348191
0.24606795417678987,0.24685559887191902,1760610503.3575163
0.24587818657414073,0.2467003344697515,1760610503.365624
0.2459893364279016,0.24679127525919223,1760610503.3741665
0.24579119683479184,0.2466291610466479,1760610503.3823192
0.2458918622375474,0.2467115236489024,1760610503.39154
0.24570996953668653,0.24656270234819808,1760610503.3995943
0.24582525546686937,0.24665702720016583,1760610503.409631
0.24550242215982715,0.2463928908580404,1760610503.4175897
0.24562285593076963,0.24649142757972062,1760610503.4254599
0.24558299247833898,0.24645881202773193,1760610503.43347
0.2455576095390151,0.24643804416828508,1760610503.4444137
0.24537754441762985,0.24629071815987896,1760610503.452967
0.24551481926452484,0.24640303394370214,1760610503.4613378
0.24549234059300062,0.24638464230336415,1760610503.4690037
0.2454574282190719,0.2463560776337861,1760610503.4778736
0.24528291992156404,0.24621329811764334,1760610503.487187
0.24540874196299625,0.24631624342426967,1760610503.494548
0.24537697683915866,0.24629025377749345,1760610503.5028565
0.24534636082192834,0.24626520430885046,1760610503.5107229
0.2451915615959782,0.24613855039670943,1760610503.5212147
0.2453053572386059,0.24623165592249574,1760610503.5284748
0.24529152286930606,0.24622033689306858,1760610503.5369973
0.24527842935148705,0.24620962401485308,1760610503.5458353
0.24954142403601065,0.24935062937734637,1760610503.5534925
0.24453038660826235,0.24559758904312373,1760610503.563583
0.24942404621130917,0.2492071675916001,1760610503.5724483
0.24435486560522351,0.24545398094972834,1760610503.5812097
0.24477288481346515,0.2457959966655624,1760610503.5893443
0.23757288481346517,0.23859599666556242,1760610503.5979145
0.23117288481346515,0.2321959966655624,1760610503.6054187
0.22477288481346513,0.2257959966655624,1760610503.6133215
0.21837288481346515,0.2193959966655624,1760610503.6223454
0.21117288481346516,0.2121959966655624,1760610503.6310985
0.20477288481346514,0.2057959966655624,1760610503.6376338
0.19837288481346513,0.1993959966655624,1760610503.6465583
0.19197288481346514,0.19299599666556239,1760610503.6535468
0.18557288481346512,0.1865959966655624,1760610503.662975
0.17917288481346513,0.18019599666556238,1760610503.6695073
0.17277288481346512,0.17379599666556236,1760610503.6783
0.1663728848134651,0.16739599666556237,1760610503.6875253
0.15917288481346512,0.1601959966655624,1760610503.6955714
0.15277288481346513,0.15379599666556237,1760610503.7026122
0.15181325605427504,0.14818674394572498,1760610503.7110164
0.15102754620358871,0.1489724537964113,1760610503.7209768
0.15100465393956336,0.14899534606043666,1760610503.7290554
0.15095688844458768,0.1490431115554123,1760610503.7356353
0.15093557279741693,0.14906442720258306,1760610503.744679
0.15169000015008002,0.14830999984992,1760610503.7531924
0.1508080021235897,0.14919199787641033,1760610503.7623856
0.15078773699981726,0.14921226300018273,1760610503.7714167
0.15076798567775287,0.14923201432224711,1760610503.77891
0.15072647350892876,0.14927352649107123,1760610503.7882068
0.15071028940992387,0.14928971059007615,1760610503.79572
0.1506722658832074,0.14932773411679262,1760610503.8056853
0.15065541370469107,0.14934458629530895,1760610503.8142846
0.1505948442321999,0.1494051557678001,1760610503.823583
0.15057992879626292,0.14942007120373707,1760610503.8317564
0.15056539145622846,0.14943460854377152,1760610503.8403363
0.15053080331565824,0.14946919668434178,1760610503.8483918
0.15049561222725508,0.14950438777274494,1760610503.8556478
0.1504845719881185,0.1495154280118815,1760610503.8659377
0.15045195432763767,0.14954804567236235,1760610503.8724885
0.15039736685724028,0.1496026331427597,1760610503.8824482
0.15038851097077366,0.14961148902922633,1760610503.8914084
0.15037876965727415,0.14962123034272584,1760610503.9002168
0.15034772455878254,0.14965227544121745,1760610503.9072616
0.1503399780962176,0.1496600219037824,1760610503.9177434
0.15030996181119596,0.14969003818880405,1760610503.9270017
0.1502595915585825,0.14974040844141748,1760610503.9337995
0.15025308081103142,0.14974691918896857,1760610503.9411435
0.1502474419000622,0.14975255809993782,1760610503.9498484
0.15024193001572372,0.1497580699842763,1760610503.957706
0.15021527694914413,0.14978472305085586,1760610503.9677632
0.15018933322189448,0.1498106667781055,1760610503.9763906
0.1501845867308371,0.14981541326916292,1760610503.9852037
0.1501379325250168,0.1498620674749832,1760610503.9911108
0.15013485892202974,0.14986514107797028,1760610504.0003753
0.1501318545630154,0.1498681454369846,1760610504.0085483
0.15010800057250667,0.14989199942749332,1760610504.0168357
0.1501055947604118,0.1498944052395882,1760610504.0248013
0.15008239056545322,0.1499176094345468,1760610504.034699
0.15003900331902675,0.14996099668097324,1760610504.0427532
0.15003802512873823,0.14996197487126176,1760610504.0510516
0.1500371779246428,0.1499628220753572,1760610504.0606055
0.15001567020423717,0.14998432979576282,1760610504.06772
0.15001527735618944,0.14998472264381055,1760610504.0757143
0.14999442045798578,0.15000557954201424,1760610504.0846276
0.14999454474210833,0.15000545525789166,1760610504.0931418
0.14995392669895036,0.15004607330104966,1760610504.1006618
0.14995495332388478,0.15004504667611523,1760610504.1092958
0.14995595682115945,0.15004404317884057,1760610504.1186082
0.14993678358022075,0.15006321641977927,1760610504.1265252
0.14991819877890075,0.15008180122109926,1760610504.1342514
0.149920021088758,0.15007997891124203,1760610504.1411302
0.14988175490829853,0.1501182450917015,1760610504.1507123
0.14988438996910566,0.15011561003089435,1760610504.1585112
0.14988696566289997,0.15011303433710005,1760610504.166145
0.14986955853821396,0.15013044146178603,1760610504.1745965
0.14987246441988242,0.15012753558011757,1760610504.1809433
0.14985544598945308,0.15014455401054694,1760610504.1926126
0.1498586659897106,0.1501413340102894,1760610504.2012165
0.14984279835148892,0.1501572016485111,1760610504.2092283
0.14980749874471488,0.15019250125528513,1760610504.21901
0.14981178853725624,0.15018821146274378,1760610504.2267263
0.14981650723921636,0.15018349276078366,1760610504.2346318
0.14980106767557974,0.15019893232442028,1760610504.2440708
0.149806054589373,0.150193945410627,1760610504.2523575
0.1497909076917671,0.15020909230823293,1760610504.2604406
0.14975758020194685,0.15024241979805317,1760610504.269513
0.14976298279478883,0.15023701720521118,1760610504.2774794
0.14976892555009452,0.1502310744499055,1760610504.2853346
0.14975488155949546,0.15024511844050453,1760610504.2933874
0.14976034229857427,0.15023965770142572,1760610504.3015993
0.14974655474360862,0.1502534452563914,1760610504.3093507
0.14975220051290367,0.15024779948709632,1760610504.3183906
0.14971975141684843,0.1502802485831516,1760610504.3272357
0.1497267790642304,0.15027322093576959,1760610504.3358324
0.1497336285549935,0.1502663714450065,1760610504.3444743
0.14972066478589205,0.15027933521410797,1760610504.351757
0.14970887329343022,0.1502911267065698,1760610504.3600547
0.14971535893116575,0.15028464106883424,1760610504.368999
0.14968439089678137,0.15031560910321864,1760610504.377051
0.14969142429494933,0.15030857570505066,1760610504.3846803
0.149698299230775,0.15030170076922503,1760610504.3928177
0.14968646326540594,0.15031353673459408,1760610504.401742
0.1496934481450113,0.15030655185498873,1760610504.4088395
0.14968263517376054,0.15031736482623947,1760610504.416676
0.14968970451783642,0.1503102954821636,1760610504.4256365
0.14965989846230784,0.15034010153769217,1760610504.4332104
0.14966747680616374,0.15033252319383628,1760610504.442768
0.14967488442518034,0.15032511557481965,1760610504.4509082
0.14966476668578363,0.15033523331421636,1760610504.46085
0.14965500359563302,0.150344996404367,1760610504.4686046
0.14966365253673725,0.15033634746326277,1760610504.4770162
0.14963507351219887,0.15036492648780114,1760610504.487488
0.1496442248565349,0.15035577514346513,1760610504.4969966
0.14965413821026444,0.15034586178973558,1760610504.506005
0.14964580868971292,0.1503541913102871,1760610504.5131567
0.1496358375700515,0.1503641624299485,1760610504.5210583
0.1496439500112036,0.1503560499887964,1760610504.5296264
0.149634083310775,0.150365916689225,1760610504.53683
0.14964223414636102,0.150357765853639,1760610504.5446072
0.14961487671716345,0.15038512328283657,1760610504.5527828
0.14962345825423998,0.15037654174576,1760610504.5627203
0.149631846466686,0.150368153533314,1760610504.5702138
0.1496235012830499,0.1503764987169501,1760610504.5782082
0.14961441691439878,0.1503855830856012,1760610504.586338
0.1496230069890006,0.1503769930109994,1760610504.5943913
0.14959672612752842,0.15040327387247157,1760610504.6017427
0.14960571332010422,0.15039428667989577,1760610504.6117072
0.14961449802840132,0.15038550197159867,1760610504.6209488
0.14960691151681182,0.15039308848318816,1760610504.6293216
0.1496167660979035,0.15038323390209649,1760610504.6374624
0.14960917417227632,0.1503908258277237,1760610504.6455007
0.14958382078091945,0.15041617921908057,1760610504.653038
0.14959309624819755,0.15040690375180246,1760610504.6625984
0.14960216272462346,0.15039783727537656,1760610504.6710742
0.14961213572751783,0.15038786427248219,1760610504.6794457
0.1496037950946451,0.1503962049053549,1760610504.6880455
0.14959684158936712,0.1504031584106329,1760610504.696067
0.149605822543696,0.15039417745630398,1760610504.7048283
0.1495810886559218,0.15041891134407823,1760610504.71405
0.14959159366444552,0.15040840633555447,1760610504.7216203
0.14960183235871663,0.1503981676412834,1760610504.7285643
0.1495940263119796,0.1504059736880204,1760610504.736823
0.14960306940877172,0.15039693059122827,1760610504.7445562
0.14959529580217729,0.15040470419782273,1760610504.754861
0.15036524618031696,0.14963475381968303,1760610504.763498
0.15035608589615432,0.14964391410384567,1760610504.7710648
0.15034715785608097,0.14965284214391902,1760610504.7801292
0.14952302489231964,0.15047697510768038,1760610504.7894094
0.14953365066286778,0.1504663493371322,1760610504.7960367
0.14953032552905987,0.15046967447094015,1760610504.8061566
0.14950847462803718,0.15049152537196284,1760610504.813693
0.14951942933838797,0.15048057066161205,1760610504.8207047
0.14953013722208566,0.15046986277791433,1760610504.8286707
0.14954060388694643,0.15045939611305356,1760610504.8381393
0.14953473494013086,0.15046526505986912,1760610504.845655
0.14952909256878175,0.15047090743121824,1760610504.8549864
0.14954089827089495,0.15045910172910504,1760610504.8615096
0.14953517291201018,0.15046482708798983,1760610504.8711126
0.1495455270731123,0.15045447292688768,1760610504.877693
0.14952399287772034,0.15047600712227968,1760610504.8872378
0.14953459962756546,0.15046540037243455,1760610504.8936799
0.14954496742731876,0.15045503257268122,1760610504.902413
0.1495393628757458,0.15046063712425423,1760610504.9114337
0.14954962370165137,0.15045037629834862,1760610504.9213166
0.149545226288429,0.150454773711571,1760610504.9299946
0.1495268176006452,0.15047318239935478,1760610504.9370472
0.14953736217391012,0.1504626378260899,1760610504.9445705
0.14954766918452064,0.15045233081547937,1760610504.9534278
0.1495422924510208,0.15045770754897922,1760610504.960507
0.14955248876553667,0.15044751123446332,1760610504.9697974
0.14954706158916165,0.15045293841083837,1760610504.9776893
0.14955715081404417,0.15044284918595585,1760610504.9859517
0.14953646214722413,0.15046353785277589,1760610504.9942331
0.14954679093319814,0.15045320906680187,1760610505.00171
0.1495568870330647,0.1504431129669353,1760610505.0113134
0.14955279906304056,0.15044720093695943,1760610505.0200348
0.14954889996870746,0.15045110003129256,1760610505.0294352
0.14955894929497995,0.15044105070502006,1760610505.0373993
0.14954123472036668,0.15045876527963334,1760610505.0446346
0.14955145758488003,0.15044854241511996,1760610505.0530436
0.14956145014213504,0.15043854985786495,1760610505.0625563
0.1503536712500075,0.1496463287499925,1760610505.0699124
0.1503448053485116,0.14965519465148838,1760610505.0776243
0.14952081855034177,0.15047918144965822,1760610505.0862556
0.14950205652509635,0.15049794347490364,1760610505.0951674
0.14951315391307649,0.15048684608692353,1760610505.10239
0.1495240012659649,0.1504759987340351,1760610505.1108096
0.14953460426435608,0.1504653957356439,1760610505.1193328
0.15032855727082237,0.14967144272917765,1760610505.126652
0.15030255096877237,0.14969744903122761,1760610505.1368594
0.1502958111559464,0.14970418884405362,1760610505.1433768
0.14945816046643218,0.15054183953356784,1760610505.153479
0.1494702343782063,0.1505297656217937,1760610505.1626482
0.14948351550055755,0.15051648449944244,1760610505.171172
0.1494820651658847,0.15051793483411532,1760610505.1787283
0.1502776452243435,0.1497223547756565,1760610505.1876712
0.1502714599704605,0.1497285400295395,1760610505.194905
0.14945041604635262,0.1505495839536474,1760610505.2043624
0.14946265829824715,0.15053734170175287,1760610505.2124684
0.14944782650174426,0.15055217349825575,1760610505.2193956
0.14946013016985302,0.150539869830147,1760610505.2295551
0.1494721566643095,0.1505278433356905,1760610505.2391217
0.14947131583646564,0.15052868416353438,1760610505.2484186
0.1494705777135315,0.1505294222864685,1760610505.257468
0.1494853290591763,0.15051467094082369,1760610505.2671285
0.1494704455364185,0.1505295544635815,1760610505.2757301
0.14948372426471795,0.15051627573528206,1760610505.2828207
0.14949666637867703,0.15050333362132298,1760610505.2906644
0.14949405844956962,0.15050594155043037,1760610505.2984986
0.14949159229808962,0.1505084077019104,1760610505.3088746
0.14950291827343135,0.15049708172656867,1760610505.3158019
0.14948811425561673,0.1505118857443833,1760610505.3237906
0.14949952116762355,0.15050047883237644,1760610505.3325772
0.14951067109146163,0.15048932890853836,1760610505.3416197
0.14950801779835352,0.1504919822016465,1760610505.3497179
0.14952035117086326,0.15047964882913675,1760610505.3596802
0.14951886523080407,0.15048113476919595,1760610505.367182
0.1495041708659328,0.1504958291340672,1760610505.3748388
0.14951522077348214,0.15048477922651787,1760610505.3844764
0.14952602172195453,0.15047397827804548,1760610505.394181
0.149524599642595,0.150475400357405,1760610505.4011955
0.1495365178247653,0.1504634821752347,1760610505.4107306
0.14953358492827654,0.15046641507172348,1760610505.418653
0.149519020338958,0.150480979661042,1760610505.4277053
0.1495297400929543,0.15047025990704568,1760610505.4361374
0.14954284570669202,0.15045715429330797,1760610505.4450524
0.1495530287103286,0.1504469712896714,1760610505.4525573
0.14954989623464193,0.15045010376535808,1760610505.4616055
0.14954691243523144,0.15045308756476858,1760610505.4697647
0.14955827076236972,0.1504417292376303,1760610505.477293
0.14954228644301934,0.15045771355698065,1760610505.48476
0.1495524858507301,0.1504475141492699,1760610505.4948788
0.1495624554799935,0.1504375445200065,1760610505.5024164
0.14956058203397463,0.1504394179660254,1760610505.5096245
0.14957037016803776,0.15042962983196226,1760610505.51983
0.14956714703111804,0.15043285296888198,1760610505.5276883
0.14956527778340614,0.15043472221659385,1760610505.5371363
0.14957617559774336,0.15042382440225666,1760610505.545201
0.14958561419452573,0.15041438580547428,1760610505.5531068
0.1495959966357388,0.1504040033642612,1760610505.5624306
0.14960498895039143,0.15039501104960856,1760610505.5712347
0.1496148805919253,0.1503851194080747,1760610505.5804188
0.14962452174160246,0.15037547825839756,1760610505.5894992
0.14963391879692056,0.15036608120307943,1760610505.596992
0.14964307799086807,0.15035692200913195,1760610505.6050856
0.1496510110325974,0.15034898896740262,1760610505.614269
0.14965876570517006,0.15034123429482996,1760610505.6210105
0.14966729622252808,0.15033270377747193,1760610505.6310785
0.14967468485226257,0.15032531514773742,1760610505.6393216
0.14968190745853557,0.15031809254146444,1760610505.6486132
0.14968985281194347,0.15031014718805655,1760610505.6571395
0.14969759734890256,0.15030240265109746,1760610505.6636546
0.14970430533780177,0.15029569466219822,1760610505.6738286
0.14971086272887693,0.15028913727112309,1760610505.680625
0.14971807646990773,0.1502819235300923,1760610505.6884046
0.14972432479550637,0.15027567520449364,1760610505.6964312
0.14973043293443017,0.15026956706556985,1760610505.7062008
0.1497364040607477,0.15026359593925231,1760610505.7134461
0.1497422412761365,0.15025775872386352,1760610505.7209442
0.14974794761154395,0.15025205238845607,1760610505.7303154
0.14975352602880995,0.15024647397119006,1760610505.738581
0.14975966305458846,0.15024033694541156,1760610505.7460012
0.1497649789391395,0.1502350210608605,1760610505.7535734
0.149770175738377,0.150229824261623,1760610505.7612
0.14977525614531234,0.15022474385468768,1760610505.7708547
0.1497802227915992,0.15021977720840082,1760610505.7792447
0.1497850782489401,0.1502149217510599,1760610505.7886255
0.14979042010966334,0.15020957989033668,1760610505.7957325
0.1497956274584895,0.15020437254151048,1760610505.805303
0.14980013821551907,0.15019986178448094,1760610505.8125968
0.1498051009407086,0.1501948990592914,1760610505.8225105
0.14980939984247826,0.15019060015752175,1760610505.8312817
0.14981412954529932,0.1501858704547007,1760610505.8402379
0.1498187402939771,0.1501812597060229,1760610505.847236
0.14982273436469834,0.15017726563530168,1760610505.8551235
0.14982663921254893,0.15017336078745105,1760610505.863418
0.1498304568507011,0.1501695431492989,1760610505.8706105
0.14983418924654363,0.1501658107534564,1760610505.8810174
0.14983783832272962,0.15016216167727037,1760610505.8887713
0.14984185325808483,0.1501581467419152,1760610505.895901
0.14984533131202626,0.15015466868797372,1760610505.9036243
0.14984873178082775,0.15015126821917227,1760610505.9131367
0.14985205641309676,0.15014794358690325,1760610505.9201431
0.14985530691771093,0.1501446930822891,1760610505.9297152
0.1498584849647266,0.15014151503527343,1760610505.936287
0.14986198178034482,0.1501380182196552,1760610505.9446464
0.1498650110943035,0.15013498890569651,1760610505.954368
0.1498679729320087,0.15013202706799128,1760610505.9638855
0.14987123191742655,0.15012876808257347,1760610505.9709976
0.14987440925525203,0.15012559074474796,1760610505.9795675
0.14987716186551556,0.15012283813448446,1760610505.9892282
0.1498801906969914,0.1501198093030086,1760610505.998414
0.14988281468228082,0.1501171853177192,1760610506.0077443
0.14988602395727676,0.15011397604272325,1760610506.0152564
0.1498888310049548,0.1501111689950452,1760610506.0227327
0.14989126289555355,0.15010873710444644,1760610506.0325115
0.1498936407478686,0.1501063592521314,1760610506.0419986
0.14989625732851955,0.15010374267148047,1760610506.049598
0.14989880851512363,0.15010119148487638,1760610506.0567915
0.14990101879185705,0.15009898120814297,1760610506.0670178
0.14990318000810596,0.15009681999189406,1760610506.0748878
0.14990555827237592,0.1500944417276241,1760610506.0840547
0.1499078771637364,0.1500921228362636,1760610506.0915978
0.1499098862343081,0.15009011376569192,1760610506.0987232
0.14991185075991892,0.1500881492400811,1760610506.108683
0.149913771739725,0.15008622826027498,1760610506.1169183
0.14991588571861042,0.1500841142813896,1760610506.1235156
0.14991771729767694,0.15008228270232307,1760610506.1327505
0.14991950831168024,0.15008049168831977,1760610506.1409194
0.14992125966972505,0.15007874033027493,1760610506.1479766
0.14992297226035528,0.15007702773964474,1760610506.1578941
0.14992464695202207,0.15007535304797792,1760610506.1660252
0.14992648997954883,0.1500735100204512,1760610506.1750994
0.14992828713603232,0.1500717128639677,1760610506.1845198
0.14993003957701626,0.15006996042298373,1760610506.1918147
0.14993174842866275,0.15006825157133724,1760610506.1999428
0.14993322908287637,0.15006677091712362,1760610506.2092137
0.14993467702971233,0.15006532297028766,1760610506.2166038
0.14993609300068575,0.15006390699931424,1760610506.2251062
0.14993747771079446,0.15006252228920552,1760610506.2336946
0.14993900170487842,0.1500609982951216,1760610506.2422667
0.1499403222281621,0.15005967777183793,1760610506.2499497
0.14994177560260796,0.15005822439739205,1760610506.259656
0.1499430349512676,0.1500569650487324,1760610506.2682836
0.14994442101931157,0.15005557898068844,1760610506.2774696
0.1499457727139528,0.15005422728604723,1760610506.2851017
0.14994709089866867,0.15005290910133132,1760610506.2947946
0.14994823313665032,0.1500517668633497,1760610506.3028073
0.14994949035303207,0.15005050964696792,1760610506.309855
0.14995057977517343,0.1500494202248266,1760610506.319243
0.14995164522819363,0.15004835477180636,1760610506.3276923
0.149952817959588,0.150047182040412,1760610506.3346694
0.1499538341928448,0.1500461658071552,1760610506.3434777
0.14995482808840763,0.1500451719115924,1760610506.351653
0.14995580014395998,0.15004419985604003,1760610506.3613026
0.14995675084598217,0.15004324915401784,1760610506.3708432
0.14995791405506168,0.1500420859449383,1760610506.3786771
0.14995893178946368,0.15004106821053634,1760610506.386692
0.1499598137464115,0.1500401862535885,1760610506.394122
0.14996067635544288,0.15003932364455713,1760610506.4018095
0.14996152004697344,0.15003847995302655,1760610506.4111154
0.1499623452417417,0.1500376547582583,1760610506.418987
0.14996315235102822,0.1500368476489718,1760610506.4270017
0.14996404081846967,0.15003595918153034,1760610506.435652
0.14996481078577376,0.15003518921422626,1760610506.4440634
0.14996556389496568,0.15003443610503434,1760610506.451713
0.14996630052050902,0.150033699479491,1760610506.4598122
0.1499670210284581,0.15003297897154189,1760610506.4693587
0.14996781420009944,0.15003218579990057,1760610506.4768744
0.14996858785470343,0.15003141214529658,1760610506.4846802
0.14996925835127478,0.1500307416487252,1760610506.4939857
0.14996991419780656,0.15003008580219343,1760610506.5013015
0.14997055571920173,0.15002944428079826,1760610506.5115077
0.1499712619713061,0.15002873802869388,1760610506.518566
0.14997195087565826,0.15002804912434176,1760610506.5268667
0.14997254794455867,0.15002745205544132,1760610506.5358965
0.14997313199097972,0.1500268680090203,1760610506.5443058
0.14997370330333595,0.15002629669666406,1760610506.5516717
0.14997433229221682,0.1500256677077832,1760610506.5595202
0.14997487744893725,0.15002512255106273,1760610506.5686862
0.14997541073242612,0.15002458926757387,1760610506.5762112
0.14997593240535756,0.15002406759464246,1760610506.5847378
0.14997644272452554,0.15002355727547448,1760610506.5942085
0.14997694194097672,0.1500230580590233,1760610506.602763
0.1499775529279892,0.15002244707201082,1760610506.6104155
0.14997802800563087,0.15002197199436912,1760610506.619154
0.1499784927593287,0.15002150724067131,1760610506.6271021
0.1499790044772429,0.1500209955227571,1760610506.6361804
0.14997944802370997,0.15002055197629005,1760610506.6440575
0.1499798819424109,0.15002011805758908,1760610506.6513436
0.14998035972392887,0.15001964027607112,1760610506.661372
0.1499807738648465,0.1500192261351535,1760610506.669326
0.14998122987889506,0.15001877012110496,1760610506.6770577
0.14998162515821237,0.15001837484178765,1760610506.6869123
0.14998201187421212,0.1500179881257879,1760610506.6934788
0.1499824377037522,0.1500175622962478,1760610506.7030578
0.14998280682765136,0.15001719317234866,1760610506.7102826
0.14998316796435107,0.15001683203564892,1760610506.7198496
0.1499835212896789,0.15001647871032112,1760610506.7275975
0.1499839103676557,0.15001608963234428,1760610506.7347999
0.1499842476449475,0.15001575235505252,1760610506.7446535
0.14998457763577888,0.1500154223642211,1760610506.7536705
0.14998494102983437,0.15001505897016562,1760610506.7626624
0.14998529559607032,0.15001470440392967,1760610506.7696712
0.1499856415527663,0.15001435844723368,1760610506.778606
0.1499859414627146,0.1500140585372854,1760610506.786675
0.14998623490724988,0.15001376509275013,1760610506.7959988
0.14998652202829543,0.15001347797170456,1760610506.8035262
0.14998683823448114,0.15001316176551888,1760610506.8128815
0.1499871123629154,0.15001288763708462,1760610506.8203242
0.14998741426730441,0.15001258573269557,1760610506.829052
0.1499876760016737,0.1500123239983263,1760610506.835989
0.1499879321079554,0.1500120678920446,1760610506.8456192
0.14998818270945202,0.150011817290548,1760610506.8544407
0.14998845871558444,0.15001154128441557,1760610506.8627203
0.1499887280510978,0.15001127194890218,1760610506.870195
0.14998896156029207,0.15001103843970792,1760610506.879082
0.14998919005934816,0.15001080994065186,1760610506.8865874
0.149989413657845,0.15001058634215503,1760610506.8950226
0.14998963246292973,0.15001036753707028,1760610506.9032795
0.14998984657937245,0.15001015342062754,1760610506.9125457
0.14999008242116116,0.15000991757883883,1760610506.9211023
0.14999031258061835,0.15000968741938167,1760610506.9290607
0.1499905121371928,0.15000948786280718,1760610506.9377697
0.1499907319500987,0.1500092680499013,1760610506.9450326
0.1499909225393451,0.15000907746065492,1760610506.9542804
0.14999110905590884,0.15000889094409114,1760610506.9627085
0.14999131451273492,0.15000868548726506,1760610506.9695425
0.1499914926593695,0.1500085073406305,1760610506.9796116
0.1499916670045034,0.1500083329954966,1760610506.987979
0.14999185906111567,0.15000814093888434,1760610506.995026
0.14999202559333144,0.15000797440666855,1760610507.0041497
0.14999218857690164,0.15000781142309835,1760610507.011197
0.14999234808902712,0.1500076519109729,1760610507.019843
0.14999250420520213,0.15000749579479788,1760610507.026939
0.14999265699925246,0.15000734300074756,1760610507.0363777
0.14999280654337271,0.15000719345662727,1760610507.04597
0.14999297129388373,0.15000702870611626,1760610507.0549858
0.14999313210449672,0.1500068678955033,1760610507.0636063
0.14999328907145176,0.15000671092854825,1760610507.0711014
0.14999344228859865,0.15000655771140134,1760610507.0805702
0.14999357515562364,0.15000642484437637,1760610507.0878482
0.14999372154340643,0.1500062784565936,1760610507.096432
0.14999384849058406,0.15000615150941596,1760610507.1042707
0.14999397274853188,0.1500060272514681,1760610507.1137974
0.14999409437547956,0.15000590562452043,1760610507.1210785
0.1499942283865158,0.1500057716134842,1760610507.12963
0.14999434460497826,0.15000565539502173,1760610507.1382098
0.1499944583663766,0.15000554163362342,1760610507.1458347
0.14999456972382683,0.15000543027617316,1760610507.154675
0.14999469242637536,0.15000530757362462,1760610507.1641326
0.14999481221381344,0.15000518778618654,1760610507.1726644
0.14999491610214072,0.1500050838978593,1760610507.1802812
0.14999503057957683,0.15000496942042318,1760610507.1881135
0.14999512986462687,0.15000487013537311,1760610507.1967866
0.14999522705820698,0.150004772941793,1760610507.2043114
0.14999532220539286,0.15000467779460716,1760610507.2125773
0.14999541535026994,0.15000458464973004,1760610507.2198615
0.1499955065359555,0.15000449346404449,1760610507.2288494
0.1499955958046201,0.1500044041953799,1760610507.236468
0.14999568319750856,0.15000431680249146,1760610507.2459447
0.14999576875496062,0.1500042312450394,1760610507.2534857
0.14999586304485144,0.15000413695514858,1760610507.261493
0.14999594482831682,0.1500040551716832,1760610507.2697086
0.149996024896868,0.15000397510313201,1760610507.2776709
0.14999610328731688,0.1500038967126831,1760610507.2872095
0.14999618968368428,0.15000381031631574,1760610507.2948115
0.14999626462342533,0.15000373537657466,1760610507.3033192
0.14999634721914484,0.15000365278085517,1760610507.3124661
0.14999641886360168,0.1500035811363983,1760610507.3197432
0.1499964978297662,0.15000350217023378,1760610507.3296459
0.1499965663272138,0.1500034336727862,1760610507.336711
0.14999664182704925,0.15000335817295077,1760610507.3466992
0.14999670731894615,0.15000329268105383,1760610507.3537407
0.14999677950817708,0.15000322049182294,1760610507.3626754
0.1499968421294825,0.1500031578705175,1760610507.3697026
0.14999690344611638,0.1500030965538836,1760610507.3798304
0.14999696348591263,0.15000303651408736,1760610507.386772
0.14999702966943565,0.15000297033056437,1760610507.39496
0.14999708708307619,0.1500029129169238,1760610507.4024973
0.14999714330305433,0.15000285669694569,1760610507.412804
0.14999719835477962,0.1500028016452204,1760610507.4199088
0.1499972590434423,0.15000274095655772,1760610507.427831
0.14999731169215824,0.15000268830784177,1760610507.436664
0.1499973632485556,0.15000263675144443,1760610507.445707
0.14999741373583278,0.15000258626416724,1760610507.4532905
0.14999746939601122,0.1500025306039888,1760610507.463991
0.14999752375856004,0.15000247624143995,1760610507.4726067
0.14999757685443668,0.1500024231455633,1760610507.4802144
0.1499976287138394,0.15000237128616062,1760610507.4890172
0.14999767370562944,0.15000232629437057,1760610507.4973862
0.14999771776740797,0.15000228223259202,1760610507.5061042
0.14999776634830117,0.15000223365169885,1760610507.5149624
0.14999780849669422,0.15000219150330577,1760610507.5228972
0.14999785496937487,0.15000214503062514,1760610507.531639
0.14999790036311875,0.15000209963688127,1760610507.5403593
0.14999790036311875,0.15000209963688127,1760610507.5489626
0.14999790036311875,0.15000209963688127,1760610507.5565057
0.14999790036311875,0.15000209963688127,1760610507.5650456
0.14999790036311875,0.15000209963688127,1760610507.573574
0.14999790036311875,0.15000209963688127,1760610507.5812626
0.14999790036311875,0.15000209963688127,1760610507.590154
0.14999790036311875,0.15000209963688127,1760610507.5986893
0.14999790036311875,0.15000209963688127,1760610507.6072855
0.14999790036311875,0.15000209963688127,1760610507.6156108
0.14999790036311875,0.15000209963688127,1760610507.624208
0.14999790036311875,0.15000209963688127,1760610507.63176
0.14999790036311875,0.15000209963688127,1760610507.6399808
0.14999790036311875,0.15000209963688127,1760610507.6466856
0.14999790036311875,0.15000209963688127,1760610507.656036
0.14999790036311875,0.15000209963688127,1760610507.6637888
0.14999790036311875,0.15000209963688127,1760610507.6726453
0.14999790036311875,0.15000209963688127,1760610507.6815343
0.14999790036311875,0.15000209963688127,1760610507.6909413
0.14999790036311875,0.15000209963688127,1760610507.6991265
0.14999790036311875,0.15000209963688127,1760610507.7064104
0.14999790036311875,0.15000209963688127,1760610507.714698
0.14999790036311875,0.15000209963688127,1760610507.7234683
0.14999790036311875,0.15000209963688127,1760610507.7321348
0.14999790036311875,0.15000209963688127,1760610507.7401068
0.14999790036311875,0.15000209963688127,1760610507.748634
0.14999790036311875,0.15000209963688127,1760610507.7574341
0.14999790036311875,0.15000209963688127,1760610507.7659833
0.14999790036311875,0.15000209963688127,1760610507.7751834
0.14999790036311875,0.15000209963688127,1760610507.7837074
0.14999790036311875,0.15000209963688127,1760610507.7929304
0.14999790036311875,0.15000209963688127,1760610507.8016355
0.14999790036311875,0.15000209963688127,1760610507.8101652
0.14999790036311875,0.15000209963688127,1760610507.8187644
0.14999790036311875,0.15000209963688127,1760610507.8257248
0.14999790036311875,0.15000209963688127,1760610507.8347304
0.14999790036311875,0.15000209963688127,1760610507.843566
0.14999790036311875,0.15000209963688127,1760610507.8515675
0.14999790036311875,0.15000209963688127,1760610507.8604052
0.14999790036311875,0.15000209963688127,1760610507.8692353
0.14999790036311875,0.15000209963688127,1760610507.8779035
0.14999790036311875,0.15000209963688127,1760610507.88608
0.14999790036311875,0.15000209963688127,1760610507.8950408
0.14999790036311875,0.15000209963688127,1760610507.9036393
0.14999790036311875,0.15000209963688127,1760610507.9128096
0.14999790036311875,0.15000209963688127,1760610507.92117
0.14999790036311875,0.15000209963688127,1760610507.930166
0.14999790036311875,0.15000209963688127,1760610507.938682
0.14999790036311875,0.15000209963688127,1760610507.946651
0.14999790036311875,0.15000209963688127,1760610507.9551616
0.14999790036311875,0.15000209963688127,1760610507.9637172
0.14999790036311875,0.15000209963688127,1760610507.9707289
0.14999790036311875,0.15000209963688127,1760610507.9805305
0.14999790036311875,0.15000209963688127,1760610507.9875784
0.14999790036311875,0.15000209963688127,1760610507.9976096
0.14999790036311875,0.15000209963688127,1760610508.0061586
0.14999790036311875,0.15000209963688127,1760610508.0137842
0.14999790036311875,0.15000209963688127,1760610508.0217636
0.14999790036311875,0.15000209963688127,1760610508.0309246
0.14999790036311875,0.15000209963688127,1760610508.0390737
0.14999790036311875,0.15000209963688127,1760610508.0466821
0.14999790036311875,0.15000209963688127,1760610508.0556324
0.14999790036311875,0.15000209963688127,1760610508.0643003
0.14999790036311875,0.15000209963688127,1760610508.0736842
0.14999790036311875,0.15000209963688127,1760610508.082627
0.14999790036311875,0.15000209963688127,1760610508.091641
0.14999790036311875,0.15000209963688127,1760610508.0996194
0.14999790036311875,0.15000209963688127,1760610508.1085358
0.14999790036311875,0.15000209963688127,1760610508.1178653
0.14999790036311875,0.15000209963688127,1760610508.1264002
0.14999790036311875,0.15000209963688127,1760610508.135661
0.14999790036311875,0.15000209963688127,1760610508.1449075
0.14999790036311875,0.15000209963688127,1760610508.1525917
0.14999790036311875,0.15000209963688127,1760610508.1615117
0.14999790036311875,0.15000209963688127,1760610508.1708887
0.14999790036311875,0.15000209963688127,1760610508.1800966
0.14999790036311875,0.15000209963688127,1760610508.1887357
0.14999790036311875,0.15000209963688127,1760610508.1967628
0.14999790036311875,0.15000209963688127,1760610508.2039883
0.14999790036311875,0.15000209963688127,1760610508.2128694
0.14999790036311875,0.15000209963688127,1760610508.221598
0.14999790036311875,0.15000209963688127,1760610508.2301517
0.14999790036311875,0.15000209963688127,1760610508.237708
0.14999790036311875,0.15000209963688127,1760610508.2467983
0.14999790036311875,0.15000209963688127,1760610508.2549987
0.14999790036311875,0.15000209963688127,1760610508.2636173
0.14999790036311875,0.15000209963688127,1760610508.272599
0.14999790036311875,0.15000209963688127,1760610508.2826304
0.14999790036311875,0.15000209963688127,1760610508.291252
0.14999790036311875,0.15000209963688127,1760610508.299484
0.14999790036311875,0.15000209963688127,1760610508.3086474
0.14999790036311875,0.15000209963688127,1760610508.3172357
0.14999790036311875,0.15000209963688127,1760610508.3263478
0.14999790036311875,0.15000209963688127,1760610508.3352706
0.14999790036311875,0.15000209963688127,1760610508.3442073
0.14999790036311875,0.15000209963688127,1760610508.3526103
0.14999790036311875,0.15000209963688127,1760610508.3608353
0.14999790036311875,0.15000209963688127,1760610508.3698936
0.14999790036311875,0.15000209963688127,1760610508.3787909
0.14999790036311875,0.15000209963688127,1760610508.3877757
0.14999790036311875,0.15000209963688127,1760610508.397115
0.14999790036311875,0.15000209963688127,1760610508.4058483
0.14999790036311875,0.15000209963688127,1760610508.4139557
0.14999790036311875,0.15000209963688127,1760610508.4224665
0.14999790036311875,0.15000209963688127,1760610508.4305873
0.14999790036311875,0.15000209963688127,1760610508.4397566
0.14999790036311875,0.15000209963688127,1760610508.4481187
0.14999790036311875,0.15000209963688127,1760610508.4565492
0.14999790036311875,0.15000209963688127,1760610508.4653356
0.14999790036311875,0.15000209963688127,1760610508.473884
0.14999790036311875,0.15000209963688127,1760610508.482466
0.14999790036311875,0.15000209963688127,1760610508.4914682
0.14999790036311875,0.15000209963688127,1760610508.4996562
0.14999790036311875,0.15000209963688127,1760610508.508728
0.14999790036311875,0.15000209963688127,1760610508.517955
0.14999790036311875,0.15000209963688127,1760610508.526382
0.14999790036311875,0.15000209963688127,1760610508.5353167
0.14999790036311875,0.15000209963688127,1760610508.5447235
0.14999790036311875,0.15000209963688127,1760610508.554317
0.14999790036311875,0.15000209963688127,1760610508.5629268
0.14999790036311875,0.15000209963688127,1760610508.5714474
0.14999790036311875,0.15000209963688127,1760610508.5801246
0.14999790036311875,0.15000209963688127,1760610508.588407
0.14999790036311875,0.15000209963688127,1760610508.5967274
0.14999790036311875,0.15000209963688127,1760610508.60504
0.14999790036311875,0.15000209963688127,1760610508.6137862
0.14999790036311875,0.15000209963688127,1760610508.6228564
0.14999790036311875,0.15000209963688127,1760610508.630886
0.14999790036311875,0.15000209963688127,1760610508.6391935
0.14999790036311875,0.15000209963688127,1760610508.646553
0.14999790036311875,0.15000209963688127,1760610508.6551414
0.14999790036311875,0.15000209963688127,1760610508.6627202
0.14999790036311875,0.15000209963688127,1760610508.670996
0.14999790036311875,0.15000209963688127,1760610508.678668
0.14999790036311875,0.15000209963688127,1760610508.6875076
0.14999790036311875,0.15000209963688127,1760610508.6964574
0.14999790036311875,0.15000209963688127,1760610508.7052696
0.14999790036311875,0.15000209963688127,1760610508.7142127
0.14999790036311875,0.15000209963688127,1760610508.7227085
